,
,System is very stable with little edits made over the last 2 years in the crm. No close to hitting and field or API limit so no need to refine code. System at the stage they need to tell us what isnt working for them to provide more of a focus then a generic health check since nothing is bad enough to be worth their time us making edits.The small things I have noticed can be seen belowl,,
Overview,,,
,
,
Section,Task,Status,Comments
General Settings,Section Overview,,
General Settings,Verify company details,,
General Settings,Check fiscal year settings,,
General Settings,Review language and time zone settings,,
General Settings,Check currency settings,,
General Settings,Review email settings,bad,most users have no set up imap
General Settings,Check if Client Portal Enabled,,
General Settings,Check for: Outdated company details,,
General Settings,Check for: Incorrect fiscal year settings,,
General Settings,Check for: Incorrect language and time zone settings,,
General Settings,Sandbox,,Enabled but not used for over 2 years
General Settings,Check for: Incorrect currency settings,,
General Settings,Check for: Incorrect email settings,,
General Settings,Language Import History,,
General Settings,modules edited,ook,most have not been edited since 2023-2024. May be worth reviewing what works and not or what has changed
General Settings,Check if Multiple languages are enabled,,
General Settings,Data Backups enabled,ok,Sharon is using it
General Settings,Email Authentication,ok,Your account's credibility score Since April 2025  0 Credibility score factors Spam Complaints Low Bounce Volume 0% (Low)
Modules,Section Overview,,
Modules,Verify module visibility,,Suggest to hide modules clearly not being used
Modules,Check module layouts,,"Leads: only 1 record using the digital imagey layout = remove?
Opportunities: All 4 layouts seem to be the same. Needed?"
Modules,Lead Conversion,ok,All correct
Modules,Review custom fields,,
Modules,Ensure picklist values are accurate,,
Modules,Review module permissions,,
Modules,Check for: Unused fields,,
Modules,Check for: Unused modules,,
Modules,Check for: Outdated custom fields,,
Modules,Check for: Inaccurate picklist values,,
Modules,Check for: Incorrect module permissions,,
Blueprints,Section Overview,,No Blueprints
Blueprints,Verify blueprint stages,,
Blueprints,Check transition settings,,
Blueprints,Review validation rules,,
Blueprints,Ensure email notifications are set,,
Blueprints,Check blueprint permissions,,
Blueprints,Check for: Unused blueprints,,
Blueprints,Check for: Outdated blueprint stages,,
Blueprints,Check for: Incorrect transition settings,,
Blueprints,Check for: Outdated validation rules,,
Blueprints,Check for: Incorrect blueprint permissions,,
Functions,Section Overview,,
Functions,Check how close they are to API Limit,,Average 1% last 30 days
Functions,Connections,,2 that are to expire soon and need to be migration to 0-auth
Functions,Verify custom functions,,
Functions,Check function triggers,,
Functions,Review function code for errors,,
Functions,Ensure functions are up to date,,
Functions,Check function permissions,,
Functions,Check for: Unused custom functions,,
Functions,Check for: Outdated function triggers,,
Functions,Check for: Errors in function code,,
Functions,Check for: Client Scripts,,
Functions,Check for: Widgets,,
Functions,Check for: Outdated functions,,
Functions,Check for: Incorrect function permissions,,
Functions,Check Error Log and find functions failing,,99% of faliures are from : - BANTS Calculation - Float Pull. Suggest we look into fixing error
Workflows,Section Overview,,
Workflows,Verify workflow rules,,
Workflows,Check workflow triggers,,
Workflows,Review workflow actions,,
Workflows,Ensure email alerts are set,,
Workflows,Check workflow permissions,,
Workflows,Check for: Unused workflow rules,,
Workflows,Check for: Outdated workflow triggers,,
Workflows,Check for: Incorrect workflow actions,,
Workflows,Check for: Missing email alerts,,
Workflows,Check for: Incorrect workflow permissions,,
Email Templates,Section Overview,,
Email Templates,Verify email template content,,
Email Templates,Check template variables,,
Email Templates,Review email template layout,,
Email Templates,Ensure templates are up to date,,
Email Templates,Check template permissions,,
Email Templates,Check for: Unused email templates,,
Email Templates,Check for: Incorrect template variables,,
Email Templates,Check for: Outdated email template layout,,
Email Templates,Check for: Outdated templates,,
Email Templates,Check for: Incorrect template permissions,,
Merge Templates,Section Overview,,
Merge Templates,Verify merge template content,,
Merge Templates,Check template variables,,
Merge Templates,Review merge template layout,,
Merge Templates,Ensure templates are up to date,,
Merge Templates,Check template permissions,,
Merge Templates,Check for: Unused merge templates,,
Merge Templates,Check for: Incorrect template variables,,
Merge Templates,Check for: Outdated merge template layout,,
Merge Templates,Check for: Outdated templates,,
Merge Templates,Check for: Incorrect template permissions,,
Integrations,Section Overview,,
Integrations,Verify integration settings (Marketplace and Channels),,
Integrations,Check integration permissions,,
Integrations,Review data sync settings,,
Integrations,Ensure integrations are up to date,,
Integrations,Check integration logs,,
Integrations,Check for: Unnecessary integrations,,
Integrations,Check for: Incorrect integration permissions,,
Integrations,Check for: Outdated data sync settings,,
Integrations,Check for: Outdated integrations,,
Integrations,Check for: Integration errors in logs,,
Data Management,Section Overview,,
Data Management,Verify data import settings,,
Data Management,Check data export settings,,
Data Management,Review data backup settings,,
Data Management,Ensure data deduplication is set,,
Data Management,Check for: Incorrect data import settings,,
Data Management,Check for: Incorrect data export settings,,
Data Management,Check for: Outdated data backup settings,,
Data Management,Check for: Missing data deduplication,,
Data Management,Check data storage limits (Storage and attachments),,ok ok but email storage is 75% used with Richard Tisdall using 138 with 2nd being 20. Ask what he is doing so different
User Management,Section Overview,,
User Management,Verify user roles,,
User Management,Check user permissions,,
User Management,Review active users,,
User Management,Ensure deactivated users are removed,,
User Management,Check user groups,,
User Management,Check for: Incorrect user roles,,
User Management,Check for: Incorrect user permissions,,
User Management,Check for: Inactive users still active,,
User Management,Check for: Unremoved deactivated users,,
User Management,Check for: Incorrect user groups,,
Security Settings,Section Overview,,Suggest we mandate TFA in One. Can show how to manage it from one console
Security Settings,Verify IP restrictions,,
Security Settings,Check two-factor authentication,,
Security Settings,Review password policies,,
Security Settings,Ensure audit logs are enabled,,
Security Settings,Check data encryption settings,,
Security Settings,Check for: Incorrect IP restrictions,,
Security Settings,Check for: Missing two-factor authentication,,
Security Settings,Check for: Weak password policies,,
Security Settings,Check for: Disabled audit logs,,
Security Settings,Check for: Incorrect data encryption settings,,
Automation,Section Overview,,
Automation,Verify scheduled automations,,
Automation,Check automation triggers,,
Automation,Review automation actions,,
Automation,Ensure automations are up to date,,
Automation,Check automation logs,,
Automation,Check for: Unused scheduled automations,,
Automation,Check for: Outdated automation triggers,,
Automation,Check for: Incorrect automation actions,,
Automation,Check for: Outdated automations,,
Automation,Check for: Errors in automation logs,,
Customisation,Section Overview,,
Customisation,Verify custom views,,
Customisation,Check Field Type usage limit and fields in unused,,
Customisation,Check if correct field type is used for existing fields,,
Customisation,Check if fields can be merged (e.g. check box for customer status instead of dropdown),,
Customisation,check if dropdown value match between modules,,
Customisation,Check custom buttons,,
Customisation,"See if you can see duplication of data in places like Accounts, Deals and Contacts",,
Customisation,Review custom links,,
Customisation,Ensure customisations are up to date,,
Customisation,Check customisation permissions,,
Customisation,Check for: Unused custom views,,
Customisation,Check for: Unused custom buttons,,
Customisation,Check for: Outdated custom links,,
Customisation,Check for: Outdated customizations,,
Customisation,Check for: Incorrect customisation permissions,,
Reports & Dashboards,Section Overview,,
Reports & Dashboards,Verify report settings,,
Reports & Dashboards,Check dashboard layouts,,
Reports & Dashboards,Review report schedules,,
Reports & Dashboards,Ensure reports are up to date,,
Reports & Dashboards,Check report permissions,,
Reports & Dashboards,Check for: Unused report settings,,
Reports & Dashboards,Check for: Incorrect dashboard layouts,,
Reports & Dashboards,Check for: Outdated report schedules,,
Reports & Dashboards,Check for: Outdated reports,,
Reports & Dashboards,Check for: Incorrect report permissions,,
,
Special Custom Section,,,
Zoho Flow,Sucesses and Error,,"Currently for the whole of 2025 it has 1,300 sucesses and 21 falirures with a falirue rate of  1.6%. 2 emails from flow saying about the errors but I can see they were later able to process correctly"
Zoho Sign CRM,Useage,,Last sign doc in CRM may 22 2023 but in sign last was this month and is used. Why are they not using it?
